timestamp_ms,server_id,latency_ms
0,A,29.58
0,B,28.01
1,A,34.74
1,B,28.46
2,A,30.69
2,B,21.33
3,A,42.72
3,B,29.24
4,A,35.44
4,B,26.73
5,A,34.97
5,B,27.56
6,A,38.79
6,B,24.01
7,A,31.68
7,B,20.55
8,A,42.78
8,B,23.63
9,A,34.57
9,B,28.75
10,A,36.54
10,B,26.73
11,A,30.08
11,B,26.55
12,A,36.93
12,B,23.46
13,A,42.0
13,B,26.7
14,A,36.64
14,B,24.75
15,A,41.86
15,B,28.27
16,A,34.33
16,B,32.44
17,A,34.78
17,B,21.48
18,A,33.2
18,B,26.35
19,A,31.69
19,B,27.97
20,A,29.24
20,B,26.23
21,A,45.14
21,B,27.84
22,A,31.6
22,B,27.43
23,A,33.75
23,B,25.78
24,A,27.33
24,B,25.61
25,A,34.25
25,B,27.45
26,A,32.61
26,B,19.74
27,A,24.29
27,B,24.25
28,A,39.03
28,B,25.57
29,A,32.2
29,B,27.58
30,A,37.33
30,B,25.64
31,A,35.64
31,B,20.73
32,A,36.59
32,B,23.07
33,A,42.94
33,B,23.62
34,A,36.59
34,B,23.94
35,A,42.4
35,B,26.84
36,A,34.21
36,B,23.25
37,A,28.17
37,B,22.64
38,A,33.84
38,B,24.49
39,A,39.66
39,B,25.86
40,A,33.13
40,B,28.0
41,A,40.91
41,B,25.26
42,A,37.8
42,B,23.4
43,A,25.98
43,B,26.51
44,A,24.84
44,B,18.23
45,A,43.08
45,B,19.02
46,A,35.21
46,B,30.39
47,A,32.02
47,B,26.4
48,A,35.59
48,B,25.58
49,A,35.38
49,B,22.73
50,A,33.41
50,B,22.43
51,A,33.25
51,B,30.5
52,A,31.9
52,B,23.9
53,A,32.4
53,B,22.81
54,A,29.82
54,B,25.7
55,A,28.33
55,B,28.74
56,A,45.22
56,B,21.63
57,A,37.13
57,B,25.71
58,A,25.96
58,B,22.57
59,A,40.76
59,B,24.0
60,A,40.82
60,B,24.07
61,A,32.67
61,B,22.4
62,A,33.71
62,B,24.4
63,A,37.48
63,B,20.95
64,A,31.66
64,B,23.25
65,A,34.75
65,B,29.0
66,A,39.79
66,B,23.96
67,A,32.01
67,B,29.68
68,A,29.43
68,B,26.8
69,A,49.47
69,B,27.33
70,A,34.85
70,B,25.07
71,A,27.03
71,B,25.18
72,A,43.17
72,B,27.22
73,A,35.2
73,B,29.01
74,A,35.41
74,B,24.01
75,A,34.69
75,B,25.34
76,A,39.16
76,B,22.34
77,A,32.17
77,B,26.81
78,A,37.5
78,B,23.96
79,A,43.35
79,B,24.91
80,A,38.09
80,B,22.17
81,A,31.12
81,B,28.26
82,A,32.16
82,B,24.9
83,A,39.45
83,B,24.07
84,A,36.81
84,B,27.2
85,A,37.52
85,B,27.03
86,A,39.23
86,B,30.03
87,A,34.42
87,B,23.81
88,A,36.79
88,B,18.82
89,A,33.35
89,B,22.78
90,A,35.7
90,B,22.48
91,A,32.11
91,B,23.33
92,A,29.7
92,B,22.96
93,A,36.12
93,B,25.64
94,A,37.27
94,B,28.74
95,A,30.59
95,B,28.67
96,A,29.45
96,B,27.71
97,A,35.61
97,B,23.85
98,A,41.27
98,B,23.93
99,A,33.9
99,B,19.55
100,A,28.37
100,B,29.33
101,A,39.81
101,B,22.21
102,A,36.89
102,B,22.2
103,A,40.08
103,B,24.45
104,A,31.46
104,B,28.95
105,A,32.28
105,B,27.6
106,A,39.97
106,B,25.09
107,A,32.52
107,B,29.06
108,A,41.52
108,B,20.8
109,A,34.73
109,B,33.04
110,A,40.16
110,B,22.72
111,A,30.79
111,B,27.23
112,A,47.61
112,B,20.7
113,A,41.4
113,B,24.19
114,A,40.35
114,B,25.68
115,A,34.92
115,B,26.71
116,A,35.68
116,B,26.79
117,A,38.37
117,B,17.6
118,A,34.68
118,B,19.79
119,A,25.16
119,B,26.19
120,A,35.42
120,B,25.15
121,A,30.39
121,B,21.69
122,A,28.85
122,B,23.61
123,A,38.29
123,B,22.49
124,A,32.56
124,B,28.56
125,A,37.78
125,B,20.7
126,A,34.04
126,B,27.77
127,A,32.18
127,B,29.12
128,A,30.88
128,B,26.23
129,A,31.89
129,B,20.87
130,A,34.31
130,B,25.31
131,A,34.67
131,B,24.63
132,A,28.16
132,B,26.21
133,A,33.3
133,B,24.29
134,A,34.48
134,B,21.69
135,A,30.06
135,B,25.02
136,A,31.96
136,B,26.1
137,A,30.69
137,B,27.29
138,A,27.7
138,B,27.51
139,A,37.62
139,B,24.41
140,A,39.27
140,B,22.64
141,A,35.74
141,B,23.45
142,A,31.21
142,B,23.54
143,A,36.1
143,B,27.66
144,A,36.77
144,B,28.33
145,A,28.76
145,B,24.25
146,A,24.31
146,B,23.51
147,A,35.92
147,B,29.06
148,A,38.38
148,B,23.08
149,A,32.48
149,B,24.14
150,A,34.09
150,B,28.83
151,A,42.19
151,B,26.47
152,A,35.57
152,B,27.31
153,A,38.74
153,B,24.27
154,A,35.74
154,B,28.79
155,A,42.48
155,B,25.35
156,A,36.62
156,B,28.17
157,A,32.22
157,B,24.34
158,A,27.59
158,B,25.66
159,A,31.32
159,B,27.33
160,A,32.89
160,B,24.86
161,A,31.89
161,B,23.76
162,A,33.36
162,B,32.81
163,A,39.21
163,B,29.18
164,A,35.68
164,B,23.59
165,A,36.7
165,B,27.25
166,A,39.69
166,B,20.65
167,A,36.54
167,B,28.27
168,A,40.79
168,B,27.46
169,A,30.13
169,B,20.83
170,A,34.12
170,B,21.65
171,A,35.89
171,B,18.37
172,A,35.7
172,B,26.78
173,A,23.4
173,B,24.31
174,A,31.5
174,B,26.41
175,A,31.07
175,B,25.13
176,A,31.04
176,B,25.48
177,A,39.35
177,B,19.04
178,A,30.48
178,B,28.0
179,A,41.27
179,B,23.84
180,A,33.36
180,B,19.64
181,A,24.0
181,B,25.24
182,A,39.48
182,B,29.31
183,A,24.23
183,B,30.17
184,A,40.67
184,B,30.05
185,A,31.29
185,B,27.93
186,A,38.12
186,B,23.66
187,A,32.92
187,B,26.98
188,A,38.72
188,B,25.18
189,A,39.67
189,B,23.56
190,A,33.67
190,B,23.93
191,A,21.4
191,B,19.99
192,A,38.51
192,B,29.45
193,A,30.78
193,B,28.89
194,A,27.44
194,B,25.8
195,A,37.94
195,B,30.2
196,A,32.71
196,B,27.49
197,A,29.6
197,B,25.16
198,A,40.11
198,B,28.79
199,A,34.71
199,B,19.41
200,A,46.42
200,B,26.89
201,A,34.71
201,B,25.03
202,A,28.31
202,B,23.07
203,A,36.26
203,B,29.97
204,A,26.67
204,B,20.97
205,A,33.1
205,B,27.94
206,A,30.4
206,B,19.87
207,A,42.07
207,B,28.11
208,A,41.51
208,B,26.31
209,A,36.46
209,B,27.82
210,A,38.38
210,B,22.07
211,A,37.09
211,B,24.06
212,A,44.27
212,B,23.57
213,A,33.63
213,B,22.91
214,A,38.07
214,B,26.54
215,A,36.99
215,B,25.83
216,A,33.07
216,B,28.68
217,A,41.98
217,B,26.69
218,A,32.16
218,B,28.18
219,A,34.01
219,B,22.32
220,A,39.68
220,B,20.47
221,A,35.44
221,B,21.37
222,A,42.67
222,B,24.28
223,A,40.97
223,B,21.63
224,A,36.76
224,B,23.76
225,A,38.54
225,B,22.85
226,A,33.55
226,B,17.39
227,A,30.53
227,B,24.42
228,A,30.88
228,B,24.47
229,A,32.7
229,B,26.34
230,A,32.37
230,B,25.67
231,A,42.62
231,B,24.75
232,A,36.71
232,B,26.78
233,A,40.19
233,B,27.39
234,A,33.69
234,B,28.85
235,A,29.22
235,B,24.93
236,A,37.14
236,B,21.81
237,A,36.11
237,B,22.7
238,A,28.76
238,B,23.48
239,A,35.34
239,B,24.83
240,A,37.42
240,B,28.32
241,A,35.91
241,B,26.84
242,A,26.23
242,B,28.73
243,A,20.53
243,B,24.47
244,A,36.35
244,B,23.31
245,A,32.05
245,B,31.13
246,A,26.72
246,B,25.34
247,A,39.55
247,B,25.29
248,A,36.71
248,B,25.33
249,A,43.36
249,B,27.84
250,A,29.65
250,B,27.27
251,A,37.63
251,B,28.7
252,A,36.3
252,B,19.08
253,A,38.97
253,B,22.13
254,A,39.55
254,B,26.33
255,A,36.69
255,B,27.52
256,A,32.08
256,B,20.52
257,A,34.4
257,B,25.64
258,A,36.6
258,B,26.76
259,A,41.54
259,B,21.72
260,A,35.47
260,B,23.2
261,A,34.14
261,B,23.71
262,A,32.34
262,B,29.07
263,A,37.21
263,B,24.58
264,A,43.5
264,B,23.61
265,A,38.66
265,B,25.93
266,A,33.99
266,B,21.46
267,A,38.61
267,B,30.26
268,A,37.06
268,B,26.62
269,A,29.68
269,B,27.76
270,A,43.28
270,B,25.34
271,A,32.68
271,B,28.08
272,A,33.89
272,B,28.04
273,A,41.36
273,B,24.7
274,A,35.55
274,B,24.73
275,A,30.89
275,B,24.98
276,A,36.26
276,B,24.96
277,A,30.94
277,B,25.44
278,A,34.47
278,B,32.04
279,A,32.97
279,B,24.14
280,A,33.19
280,B,24.06
281,A,42.38
281,B,25.84
282,A,32.87
282,B,27.51
283,A,32.38
283,B,22.82
284,A,35.46
284,B,24.53
285,A,37.79
285,B,29.26
286,A,35.17
286,B,27.65
287,A,33.83
287,B,24.51
288,A,40.9
288,B,22.72
289,A,41.33
289,B,27.63
290,A,35.58
290,B,22.68
291,A,39.37
291,B,23.54
292,A,41.57
292,B,24.1
293,A,35.44
293,B,22.84
294,A,29.52
294,B,27.31
295,A,40.69
295,B,23.08
296,A,41.94
296,B,28.23
297,A,41.31
297,B,20.22
298,A,34.98
298,B,28.77
299,A,35.15
299,B,22.68
300,A,36.84
300,B,26.49
301,A,33.11
301,B,21.09
302,A,33.27
302,B,24.83
303,A,40.27
303,B,21.57
304,A,25.09
304,B,25.05
305,A,41.25
305,B,24.73
306,A,32.59
306,B,27.05
307,A,31.95
307,B,27.96
308,A,33.08
308,B,26.83
309,A,28.9
309,B,30.44
310,A,41.04
310,B,18.23
311,A,39.9
311,B,23.77
312,A,38.29
312,B,24.61
313,A,34.3
313,B,21.64
314,A,27.09
314,B,31.68
315,A,40.34
315,B,24.16
316,A,39.53
316,B,25.0
317,A,41.37
317,B,28.59
318,A,28.15
318,B,22.98
319,A,32.3
319,B,25.07
320,A,26.9
320,B,24.22
321,A,33.28
321,B,24.44
322,A,34.56
322,B,26.11
323,A,30.01
323,B,22.47
324,A,38.81
324,B,25.48
325,A,34.02
325,B,26.28
326,A,37.44
326,B,23.3
327,A,37.88
327,B,24.44
328,A,40.08
328,B,26.15
329,A,30.28
329,B,26.77
330,A,44.92
330,B,27.22
331,A,35.6
331,B,28.78
332,A,39.03
332,B,23.36
333,A,38.65
333,B,27.26
334,A,48.48
334,B,26.75
335,A,33.65
335,B,22.32
336,A,36.23
336,B,22.71
337,A,36.81
337,B,29.52
338,A,34.72
338,B,19.11
339,A,35.02
339,B,23.42
340,A,37.41
340,B,23.38
341,A,25.17
341,B,21.66
342,A,40.27
342,B,21.16
343,A,39.01
343,B,18.85
344,A,36.6
344,B,26.52
345,A,34.57
345,B,21.26
346,A,31.07
346,B,28.15
347,A,38.48
347,B,19.86
348,A,43.61
348,B,24.12
349,A,39.38
349,B,21.86
350,A,36.52
350,B,23.94
351,A,36.87
351,B,27.5
352,A,36.4
352,B,23.63
353,A,40.5
353,B,18.02
354,A,32.89
354,B,23.03
355,A,36.75
355,B,22.75
356,A,31.94
356,B,21.3
357,A,35.03
357,B,25.45
358,A,33.73
358,B,20.6
359,A,35.72
359,B,22.88
360,A,25.33
360,B,23.78
361,A,40.52
361,B,21.45
362,A,35.23
362,B,27.94
363,A,39.49
363,B,20.93
364,A,36.63
364,B,20.45
365,A,35.55
365,B,26.39
366,A,35.58
366,B,25.68
367,A,26.89
367,B,22.18
368,A,34.44
368,B,22.75
369,A,39.83
369,B,21.04
370,A,45.2
370,B,20.05
371,A,23.02
371,B,29.79
372,A,41.46
372,B,28.35
373,A,37.24
373,B,26.26
374,A,36.42
374,B,28.18
375,A,35.38
375,B,22.89
376,A,32.43
376,B,27.11
377,A,36.9
377,B,28.6
378,A,33.71
378,B,25.86
379,A,42.52
379,B,23.32
380,A,36.47
380,B,29.66
381,A,32.2
381,B,24.17
382,A,33.86
382,B,26.22
383,A,31.57
383,B,20.62
384,A,33.45
384,B,26.96
385,A,41.82
385,B,26.76
386,A,30.86
386,B,24.41
387,A,26.24
387,B,27.26
388,A,31.28
388,B,24.38
389,A,36.86
389,B,20.49
390,A,38.85
390,B,24.22
391,A,30.25
391,B,22.51
392,A,43.88
392,B,26.36
393,A,34.77
393,B,23.39
394,A,34.42
394,B,22.63
395,A,33.72
395,B,20.91
396,A,30.03
396,B,24.44
397,A,33.93
397,B,20.17
398,A,27.12
398,B,27.69
399,A,40.87
399,B,31.37
400,A,33.79
400,B,20.23
401,A,33.33
401,B,25.04
402,A,43.5
402,B,25.63
403,A,35.25
403,B,22.36
404,A,36.27
404,B,26.23
405,A,34.45
405,B,25.92
406,A,38.16
406,B,23.61
407,A,35.25
407,B,21.28
408,A,36.19
408,B,24.85
409,A,35.32
409,B,26.23
410,A,32.97
410,B,27.43
411,A,33.12
411,B,20.29
412,A,39.4
412,B,28.61
413,A,35.73
413,B,27.35
414,A,25.5
414,B,24.85
415,A,33.46
415,B,25.6
416,A,37.54
416,B,30.39
417,A,37.91
417,B,31.24
418,A,45.7
418,B,19.29
419,A,36.18
419,B,22.61
420,A,45.46
420,B,24.35
421,A,37.35
421,B,26.75
422,A,37.28
422,B,26.92
423,A,37.0
423,B,22.12
424,A,30.9
424,B,27.22
425,A,25.62
425,B,23.96
426,A,33.09
426,B,25.53
427,A,41.61
427,B,23.79
428,A,33.78
428,B,20.06
429,A,32.73
429,B,28.03
430,A,30.94
430,B,23.98
431,A,26.58
431,B,18.76
432,A,27.14
432,B,25.03
433,A,31.99
433,B,26.24
434,A,36.46
434,B,21.1
435,A,28.45
435,B,24.66
436,A,39.91
436,B,26.3
437,A,41.07
437,B,21.14
438,A,31.14
438,B,22.51
439,A,44.0
439,B,19.9
440,A,37.29
440,B,28.49
441,A,41.36
441,B,22.22
442,A,41.11
442,B,25.94
443,A,30.73
443,B,25.24
444,A,37.83
444,B,28.43
445,A,29.28
445,B,26.49
446,A,31.69
446,B,24.47
447,A,30.37
447,B,24.76
448,A,36.65
448,B,24.68
449,A,44.64
449,B,28.98
450,A,39.09
450,B,26.54
451,A,40.06
451,B,23.7
452,A,32.9
452,B,29.26
453,A,39.16
453,B,31.58
454,A,40.4
454,B,27.16
455,A,30.77
455,B,26.11
456,A,39.15
456,B,26.99
457,A,38.55
457,B,24.89
458,A,29.73
458,B,24.2
459,A,29.31
459,B,28.8
460,A,33.03
460,B,25.6
461,A,36.3
461,B,23.7
462,A,37.05
462,B,21.36
463,A,35.99
463,B,29.47
464,A,35.78
464,B,23.88
465,A,43.93
465,B,21.98
466,A,38.03
466,B,23.34
467,A,33.76
467,B,22.35
468,A,37.79
468,B,24.23
469,A,25.56
469,B,24.77
470,A,27.97
470,B,25.26
471,A,41.74
471,B,26.12
472,A,41.37
472,B,28.67
473,A,27.59
473,B,25.74
474,A,27.31
474,B,22.17
475,A,30.52
475,B,26.09
476,A,34.73
476,B,25.14
477,A,33.15
477,B,23.82
478,A,33.6
478,B,25.58
479,A,48.22
479,B,29.74
480,A,33.15
480,B,23.59
481,A,31.29
481,B,22.2
482,A,34.53
482,B,22.45
483,A,29.59
483,B,25.05
484,A,30.12
484,B,27.0
485,A,32.78
485,B,26.67
486,A,37.63
486,B,22.2
487,A,32.52
487,B,23.23
488,A,46.94
488,B,24.69
489,A,32.35
489,B,23.78
490,A,40.49
490,B,26.26
491,A,27.41
491,B,20.67
492,A,35.69
492,B,21.18
493,A,29.88
493,B,23.87
494,A,32.29
494,B,23.91
495,A,35.57
495,B,21.67
496,A,31.08
496,B,24.54
497,A,39.52
497,B,25.14
498,A,36.41
498,B,23.91
499,A,35.62
499,B,23.84
500,A,35.03
500,B,22.08
501,A,34.61
501,B,22.99
502,A,37.17
502,B,21.16
503,A,35.11
503,B,31.9
504,A,36.52
504,B,32.84
505,A,21.61
505,B,32.86
506,A,33.48
506,B,23.27
507,A,37.5
507,B,26.62
508,A,26.92
508,B,24.87
509,A,33.18
509,B,23.22
510,A,30.96
510,B,31.04
511,A,43.22
511,B,17.53
512,A,31.6
512,B,29.79
513,A,30.39
513,B,23.63
514,A,36.17
514,B,29.05
515,A,42.29
515,B,14.65
516,A,40.27
516,B,23.17
517,A,35.02
517,B,27.04
518,A,38.25
518,B,26.78
519,A,49.91
519,B,28.6
520,A,30.54
520,B,29.38
521,A,33.25
521,B,27.89
522,A,40.68
522,B,26.6
523,A,33.24
523,B,26.11
524,A,35.49
524,B,24.38
525,A,28.3
525,B,23.22
526,A,41.88
526,B,27.6
527,A,38.54
527,B,24.32
528,A,31.83
528,B,30.68
529,A,28.81
529,B,25.09
530,A,39.68
530,B,28.72
531,A,41.32
531,B,23.74
532,A,35.24
532,B,23.08
533,A,37.7
533,B,24.78
534,A,34.63
534,B,22.09
535,A,34.04
535,B,26.91
536,A,30.41
536,B,20.52
537,A,39.78
537,B,27.53
538,A,33.69
538,B,17.96
539,A,34.06
539,B,24.15
540,A,44.47
540,B,28.84
541,A,34.2
541,B,26.89
542,A,34.35
542,B,27.68
543,A,39.74
543,B,25.26
544,A,41.08
544,B,26.42
545,A,37.87
545,B,26.83
546,A,32.07
546,B,27.57
547,A,32.51
547,B,28.96
548,A,43.41
548,B,25.55
549,A,35.58
549,B,22.49
550,A,42.96
550,B,27.48
551,A,36.89
551,B,25.48
552,A,28.49
552,B,22.7
553,A,37.11
553,B,27.57
554,A,46.04
554,B,26.95
555,A,28.17
555,B,25.17
556,A,39.8
556,B,24.49
557,A,26.81
557,B,24.93
558,A,32.51
558,B,25.54
559,A,37.73
559,B,28.9
560,A,41.38
560,B,22.75
561,A,35.39
561,B,24.86
562,A,33.49
562,B,26.77
563,A,23.09
563,B,28.97
564,A,35.03
564,B,24.0
565,A,31.92
565,B,24.17
566,A,36.06
566,B,19.82
567,A,32.03
567,B,28.12
568,A,29.36
568,B,28.77
569,A,35.96
569,B,22.38
570,A,36.97
570,B,26.52
571,A,31.13
571,B,23.92
572,A,47.89
572,B,23.53
573,A,37.05
573,B,30.17
574,A,31.48
574,B,24.46
575,A,32.47
575,B,26.06
576,A,32.95
576,B,22.97
577,A,27.82
577,B,22.9
578,A,41.91
578,B,27.53
579,A,30.95
579,B,21.24
580,A,41.13
580,B,21.69
581,A,33.41
581,B,22.32
582,A,40.46
582,B,22.73
583,A,33.04
583,B,28.12
584,A,36.61
584,B,30.69
585,A,38.51
585,B,27.54
586,A,35.97
586,B,27.51
587,A,36.64
587,B,25.46
588,A,31.84
588,B,27.75
589,A,28.82
589,B,27.54
590,A,34.17
590,B,26.26
591,A,31.62
591,B,22.19
592,A,37.54
592,B,24.26
593,A,42.89
593,B,21.02
594,A,34.6
594,B,22.7
595,A,38.67
595,B,23.6
596,A,35.85
596,B,18.49
597,A,36.35
597,B,24.07
598,A,29.74
598,B,22.26
599,A,29.84
599,B,28.35
600,A,28.93
600,B,24.2
601,A,39.01
601,B,29.02
602,A,27.71
602,B,25.89
603,A,29.3
603,B,24.35
604,A,32.57
604,B,23.48
605,A,22.39
605,B,19.18
606,A,35.44
606,B,23.46
607,A,39.58
607,B,27.59
608,A,35.01
608,B,24.24
609,A,34.8
609,B,24.87
610,A,34.67
610,B,21.99
611,A,45.42
611,B,26.63
612,A,35.75
612,B,27.61
613,A,38.5
613,B,24.8
614,A,31.88
614,B,26.45
615,A,33.44
615,B,29.36
616,A,27.6
616,B,29.46
617,A,32.78
617,B,24.95
618,A,35.69
618,B,24.04
619,A,41.82
619,B,28.97
620,A,36.98
620,B,23.32
621,A,32.25
621,B,27.98
622,A,33.04
622,B,19.77
623,A,29.3
623,B,26.53
624,A,31.23
624,B,27.9
625,A,27.8
625,B,27.14
626,A,37.12
626,B,23.89
627,A,32.8
627,B,23.71
628,A,36.64
628,B,16.07
629,A,41.17
629,B,26.8
630,A,35.78
630,B,24.26
631,A,25.1
631,B,21.97
632,A,36.75
632,B,28.41
633,A,42.04
633,B,23.91
634,A,34.3
634,B,25.81
635,A,37.16
635,B,28.0
636,A,25.95
636,B,29.22
637,A,25.64
637,B,26.02
638,A,37.75
638,B,22.08
639,A,34.79
639,B,23.35
640,A,27.5
640,B,31.68
641,A,34.19
641,B,28.45
642,A,37.84
642,B,25.8
643,A,28.18
643,B,24.69
644,A,32.04
644,B,24.34
645,A,38.3
645,B,19.63
646,A,24.58
646,B,23.64
647,A,42.26
647,B,25.21
648,A,32.34
648,B,18.51
649,A,34.49
649,B,22.98
650,A,26.72
650,B,24.02
651,A,36.9
651,B,23.31
652,A,33.73
652,B,27.35
653,A,42.24
653,B,20.69
654,A,41.6
654,B,24.68
655,A,36.83
655,B,29.96
656,A,33.62
656,B,24.66
657,A,49.76
657,B,24.65
658,A,29.81
658,B,19.93
659,A,37.22
659,B,24.88
660,A,26.14
660,B,27.22
661,A,32.14
661,B,25.22
662,A,34.19
662,B,21.72
663,A,32.23
663,B,23.82
664,A,36.95
664,B,29.25
665,A,33.26
665,B,20.26
666,A,31.14
666,B,22.02
667,A,35.6
667,B,19.93
668,A,37.2
668,B,26.78
669,A,41.15
669,B,22.2
670,A,37.11
670,B,27.53
671,A,35.78
671,B,20.16
672,A,35.7
672,B,30.96
673,A,23.19
673,B,26.59
674,A,33.69
674,B,22.99
675,A,32.73
675,B,23.04
676,A,38.42
676,B,25.24
677,A,40.52
677,B,24.05
678,A,40.58
678,B,27.62
679,A,36.62
679,B,24.36
680,A,37.42
680,B,21.57
681,A,30.02
681,B,25.49
682,A,30.09
682,B,23.71
683,A,29.28
683,B,26.77
684,A,29.82
684,B,22.34
685,A,26.95
685,B,23.81
686,A,24.68
686,B,27.24
687,A,34.44
687,B,18.56
688,A,36.24
688,B,22.44
689,A,36.79
689,B,23.0
690,A,30.52
690,B,21.96
691,A,35.74
691,B,26.24
692,A,40.29
692,B,27.51
693,A,29.41
693,B,20.64
694,A,36.29
694,B,26.91
695,A,31.66
695,B,24.92
696,A,29.81
696,B,28.78
697,A,38.34
697,B,25.65
698,A,35.1
698,B,23.08
699,A,37.57
699,B,24.21
700,A,35.59
700,B,21.31
701,A,38.84
701,B,22.8
702,A,37.92
702,B,21.03
703,A,38.46
703,B,27.0
704,A,28.23
704,B,22.79
705,A,36.74
705,B,22.74
706,A,38.45
706,B,25.64
707,A,33.3
707,B,25.78
708,A,38.82
708,B,26.28
709,A,37.62
709,B,24.1
710,A,46.4
710,B,25.63
711,A,29.05
711,B,21.99
712,A,43.67
712,B,25.73
713,A,34.15
713,B,23.92
714,A,34.13
714,B,22.69
715,A,39.53
715,B,22.8
716,A,41.1
716,B,23.98
717,A,27.02
717,B,20.71
718,A,38.34
718,B,25.12
719,A,38.26
719,B,19.56
720,A,32.03
720,B,22.74
721,A,36.56
721,B,27.55
722,A,33.48
722,B,23.37
723,A,40.16
723,B,22.09
724,A,42.33
724,B,23.47
725,A,27.89
725,B,24.8
726,A,28.79
726,B,20.06
727,A,29.95
727,B,22.84
728,A,27.46
728,B,21.38
729,A,29.87
729,B,24.2
730,A,27.43
730,B,24.54
731,A,34.22
731,B,25.78
732,A,29.15
732,B,26.52
733,A,43.63
733,B,21.33
734,A,28.75
734,B,24.34
735,A,31.26
735,B,29.49
736,A,37.98
736,B,29.09
737,A,36.1
737,B,25.52
738,A,32.83
738,B,20.01
739,A,39.94
739,B,26.99
740,A,32.5
740,B,30.43
741,A,31.19
741,B,23.94
742,A,37.27
742,B,21.68
743,A,35.44
743,B,21.25
744,A,35.98
744,B,23.92
745,A,37.02
745,B,23.87
746,A,35.89
746,B,25.87
747,A,39.72
747,B,27.23
748,A,40.87
748,B,21.53
749,A,36.93
749,B,23.34
750,A,34.34
750,B,28.05
751,A,31.61
751,B,20.89
752,A,36.91
752,B,25.13
753,A,35.09
753,B,21.67
754,A,34.15
754,B,28.25
755,A,38.75
755,B,26.35
756,A,31.11
756,B,20.57
757,A,45.33
757,B,21.89
758,A,42.12
758,B,23.42
759,A,35.01
759,B,25.55
760,A,29.43
760,B,23.74
761,A,27.26
761,B,19.92
762,A,34.52
762,B,25.89
763,A,41.62
763,B,26.91
764,A,39.26
764,B,27.58
765,A,38.32
765,B,24.62
766,A,33.59
766,B,19.19
767,A,39.1
767,B,21.57
768,A,27.39
768,B,26.66
769,A,40.54
769,B,24.08
770,A,34.95
770,B,23.58
771,A,36.25
771,B,21.66
772,A,38.98
772,B,27.39
773,A,31.67
773,B,28.0
774,A,39.4
774,B,26.75
775,A,39.94
775,B,24.31
776,A,36.28
776,B,23.98
777,A,30.78
777,B,24.52
778,A,33.35
778,B,20.1
779,A,44.64
779,B,31.61
780,A,33.47
780,B,27.41
781,A,39.7
781,B,28.97
782,A,36.55
782,B,25.44
783,A,36.63
783,B,25.37
784,A,29.99
784,B,28.53
785,A,40.19
785,B,25.55
786,A,30.67
786,B,24.78
787,A,43.25
787,B,25.56
788,A,35.86
788,B,22.43
789,A,23.24
789,B,20.23
790,A,38.77
790,B,22.58
791,A,38.85
791,B,24.03
792,A,28.47
792,B,31.3
793,A,31.67
793,B,28.94
794,A,33.2
794,B,20.74
795,A,32.65
795,B,24.81
796,A,43.11
796,B,22.21
797,A,40.31
797,B,22.91
798,A,45.7
798,B,22.08
799,A,33.44
799,B,29.06
800,A,29.98
800,B,27.66
801,A,37.12
801,B,24.13
802,A,36.13
802,B,27.07
803,A,42.74
803,B,20.98
804,A,25.43
804,B,28.16
805,A,42.76
805,B,24.9
806,A,34.76
806,B,23.46
807,A,30.27
807,B,29.37
808,A,36.86
808,B,26.26
809,A,33.45
809,B,20.15
810,A,33.93
810,B,24.39
811,A,26.96
811,B,23.37
812,A,40.66
812,B,22.62
813,A,28.7
813,B,23.26
814,A,35.22
814,B,26.56
815,A,23.82
815,B,22.24
816,A,41.46
816,B,22.55
817,A,40.79
817,B,24.48
818,A,27.41
818,B,26.77
819,A,42.24
819,B,25.59
820,A,33.74
820,B,28.74
821,A,32.98
821,B,23.33
822,A,27.97
822,B,25.01
823,A,30.66
823,B,26.48
824,A,35.0
824,B,23.45
825,A,35.98
825,B,22.36
826,A,45.59
826,B,18.4
827,A,35.88
827,B,32.97
828,A,32.98
828,B,24.6
829,A,35.11
829,B,27.65
830,A,30.49
830,B,21.41
831,A,34.86
831,B,28.85
832,A,27.61
832,B,23.29
833,A,46.46
833,B,25.03
834,A,37.19
834,B,26.61
835,A,40.51
835,B,23.91
836,A,31.45
836,B,25.24
837,A,32.36
837,B,22.62
838,A,38.52
838,B,23.91
839,A,34.04
839,B,32.35
840,A,29.28
840,B,27.82
841,A,41.34
841,B,25.68
842,A,35.79
842,B,28.2
843,A,34.7
843,B,19.35
844,A,28.06
844,B,26.73
845,A,31.35
845,B,23.88
846,A,33.74
846,B,26.55
847,A,38.77
847,B,27.03
848,A,29.76
848,B,23.83
849,A,32.89
849,B,24.84
850,A,33.38
850,B,23.14
851,A,35.57
851,B,23.88
852,A,32.65
852,B,26.47
853,A,30.83
853,B,25.66
854,A,32.25
854,B,26.66
855,A,34.22
855,B,21.35
856,A,32.12
856,B,25.07
857,A,30.81
857,B,25.8
858,A,31.13
858,B,28.23
859,A,32.91
859,B,24.88
860,A,34.39
860,B,30.01
861,A,38.43
861,B,27.5
862,A,28.67
862,B,22.68
863,A,33.26
863,B,25.36
864,A,35.54
864,B,22.07
865,A,34.7
865,B,28.87
866,A,27.5
866,B,25.52
867,A,33.3
867,B,20.18
868,A,35.9
868,B,27.46
869,A,31.52
869,B,21.21
870,A,38.95
870,B,19.43
871,A,38.27
871,B,21.26
872,A,45.16
872,B,22.8
873,A,35.12
873,B,31.46
874,A,33.76
874,B,24.69
875,A,29.53
875,B,27.64
876,A,41.19
876,B,20.4
877,A,32.3
877,B,26.96
878,A,43.89
878,B,22.77
879,A,39.61
879,B,23.14
880,A,36.52
880,B,22.74
881,A,30.67
881,B,24.07
882,A,39.62
882,B,28.84
883,A,34.22
883,B,24.24
884,A,39.5
884,B,24.86
885,A,37.92
885,B,25.34
886,A,30.23
886,B,26.69
887,A,27.94
887,B,29.21
888,A,38.62
888,B,27.39
889,A,41.02
889,B,22.54
890,A,35.27
890,B,28.51
891,A,42.82
891,B,25.48
892,A,34.02
892,B,26.48
893,A,24.5
893,B,25.24
894,A,29.4
894,B,24.9
895,A,33.5
895,B,18.0
896,A,41.41
896,B,20.84
897,A,29.38
897,B,24.8
898,A,22.44
898,B,30.55
899,A,39.36
899,B,26.0
900,A,33.09
900,B,30.13
901,A,30.86
901,B,26.57
902,A,33.03
902,B,26.84
903,A,32.72
903,B,25.77
904,A,34.98
904,B,25.44
905,A,41.73
905,B,29.6
906,A,37.62
906,B,23.07
907,A,45.84
907,B,25.14
908,A,30.87
908,B,21.98
909,A,39.02
909,B,25.8
910,A,35.42
910,B,26.35
911,A,41.76
911,B,23.21
912,A,30.39
912,B,23.38
913,A,39.44
913,B,23.27
914,A,30.83
914,B,27.94
915,A,32.47
915,B,24.57
916,A,26.81
916,B,21.04
917,A,39.57
917,B,23.53
918,A,34.99
918,B,24.58
919,A,35.56
919,B,26.03
920,A,41.75
920,B,27.93
921,A,46.16
921,B,24.83
922,A,31.64
922,B,29.3
923,A,30.86
923,B,22.88
924,A,31.97
924,B,22.6
925,A,32.48
925,B,21.99
926,A,32.95
926,B,24.28
927,A,26.15
927,B,25.05
928,A,35.94
928,B,26.39
929,A,28.28
929,B,26.23
930,A,35.14
930,B,23.01
931,A,28.79
931,B,22.61
932,A,31.68
932,B,26.73
933,A,43.45
933,B,27.58
934,A,36.96
934,B,26.37
935,A,36.17
935,B,32.16
936,A,33.43
936,B,20.68
937,A,41.41
937,B,27.17
938,A,42.19
938,B,20.79
939,A,36.84
939,B,25.7
940,A,36.77
940,B,26.3
941,A,31.62
941,B,24.42
942,A,39.71
942,B,26.97
943,A,31.67
943,B,25.61
944,A,36.24
944,B,24.63
945,A,33.11
945,B,23.58
946,A,37.07
946,B,25.68
947,A,25.29
947,B,23.01
948,A,35.88
948,B,20.28
949,A,32.03
949,B,24.0
950,A,42.05
950,B,28.35
951,A,21.33
951,B,22.11
952,A,36.25
952,B,20.7
953,A,28.19
953,B,25.78
954,A,29.17
954,B,28.74
955,A,27.99
955,B,20.01
956,A,38.7
956,B,27.45
957,A,35.4
957,B,24.78
958,A,46.76
958,B,27.34
959,A,32.95
959,B,26.09
960,A,31.65
960,B,25.03
961,A,34.73
961,B,24.58
962,A,23.5
962,B,23.91
963,A,39.19
963,B,26.93
964,A,37.89
964,B,26.3
965,A,35.28
965,B,24.3
966,A,30.0
966,B,26.38
967,A,37.49
967,B,29.03
968,A,37.61
968,B,23.01
969,A,27.63
969,B,21.32
970,A,36.0
970,B,29.23
971,A,28.74
971,B,23.07
972,A,33.31
972,B,21.82
973,A,28.14
973,B,24.81
974,A,35.92
974,B,24.97
975,A,36.31
975,B,24.24
976,A,43.53
976,B,24.5
977,A,34.93
977,B,29.12
978,A,35.34
978,B,25.83
979,A,29.9
979,B,24.17
980,A,41.28
980,B,25.7
981,A,32.23
981,B,23.24
982,A,36.72
982,B,25.13
983,A,33.99
983,B,22.68
984,A,30.79
984,B,24.64
985,A,31.87
985,B,22.75
986,A,36.2
986,B,28.89
987,A,47.77
987,B,28.5
988,A,29.76
988,B,26.45
989,A,39.19
989,B,27.69
990,A,30.48
990,B,26.45
991,A,32.5
991,B,25.42
992,A,30.61
992,B,25.96
993,A,21.06
993,B,24.83
994,A,39.08
994,B,25.16
995,A,36.46
995,B,22.28
996,A,32.61
996,B,25.67
997,A,30.46
997,B,27.5
998,A,34.05
998,B,22.0
999,A,43.11
999,B,21.37
